{
  "jumpsuitup": {
    "sounds": [
      "jumpsuitup_1"
    ],
    "category": "player"
  },
  "effort": {
    "sounds": [
      "effort_1",
      "effort_2",
      "effort_3",
      "effort_4",
      "effort_5"
    ],
    "category": "player"
  },
  "punch": {
    "sounds": [
      "punch_1",
      "punch_2",
      "punch_3",
      "punch_4"
    ],
    "category": "player"
  },
  "antivenompunch": {
    "sounds": [
      "antivenompunch_1",
      "antivenompunch_2",
      "antivenompunch_3",
      "antivenompunch_4"
    ],
    "category": "player"
  },
  "blacksuiton": {
    "sounds": [
      "blacksuit_on1",
      "blacksuit_on2",
      "blacksuit_on3"
    ],
    "category": "player"
  },
  "blacksuitoff": {
    "sounds": [
      "blacksuitoff"
    ],
    "category": "player"
  },
  "blacksuitgrito": {
    "sounds": [
      "blacksuitgrito_1",
      "blacksuitgrito_2",
      "blacksuitgrito_3"
    ],
    "category": "player"
  },
  "blacksuitfondo": {
    "sounds": [
      "blacksuit_fondo1",
      "blacksuit_fondo2",
      "blacksuit_fondo3"
    ],
    "category": "player"
  },
  "punchgrito": {
    "sounds": [
      "null",
      "punchgrito_1",
      "null",
      "punchgrito_2",
      "punchgrito_3",
      "null",
      "punchgrito_4",
      "null",
      "punchgrito_5"
    ],
    "category": "player"
  },
  "grito": {
    "sounds": [
      "grito_1",
      "grito_2",
      "grito_3",
      "grito_4"
    ],
    "category": "player"
  },
  "symbioteoff": {
    "sounds": [
      "symbiote_off"
    ],
    "category": "player"
  },
  "symbiotetimer": {
    "sounds": [
      "symbiote_timer"
    ],
    "category": "player"
  },
  "suitup": {
    "sounds": [
      "suitup_1",
      "suitup_2",
      "suitup_3",
      "suitup_4",
      "suitup_5",
      "suitup_6",
      "suitup_7"
    ],
    "category": "player"
  },
  "spidersense": {
    "sounds": [
      "spidersense"
    ],
    "category": "player"
  },
  "web": {
    "sounds": [
      "web1",
      "web2",
      "web3"
    ],
    "category": "player"
  },
  "normalweb": {
    "sounds": [
      "normalweb_1",
      "normalweb_2",
      "normalweb_3",
      "normalweb_4"
    ],
    "category": "player"
  },
  "symbiote": {
    "sounds": [
      "symbiote_on1",
      "symbiote_on2",
      "symbiote_on3"
    ],
    "category": "player"
  },
  "recharge": {
    "sounds": [
      "recharge"
    ],
    "category": "player"
  },
  "impact": {
    "sounds": [
      "impact_block"
    ],
    "category": "player"
  },
  "hit": {
    "sounds": [
      "hit1",
      "hit2",
      "hit3",
      "hit4"
    ],
    "category": "player"
  },
  "hoodon": {
    "sounds": [
      "hood_on"
    ],
    "category": "player"
  },
  "hoodoff": {
    "sounds": [
      "hood_off"
    ],
    "category": "player"
  },
  "2099theme": {
    "sounds": [
      "2099_theme"
    ],
    "category": "player"
  },
  "landingsuitup": {
    "sounds": [
      "landingsuitup_1"
    ],
    "category": "player"
  }
}