{
  "jumpsuitup": {
    "sounds": [
      "jumpsuitup_1"
    ],
    "category": "player"
  },
  "effort": {
    "sounds": [
      "effort_1",
      "effort_2",
      "effort_3",
      "effort_4",
      "effort_5"
    ],
    "category": "player"
  },
  "impact": {
    "sounds": [
      "impact_block"
    ],
    "category": "player"
  },
  "hoodon": {
    "sounds": [
      "hood_on"
    ],
    "category": "player"
  },
  "hoodoff": {
    "sounds": [
      "hood_off"
    ],
    "category": "player"
  },
  "2099theme": {
    "sounds": [
      "2099_theme"
    ],
    "category": "player"
  },
  "landingsuitup": {
    "sounds": [
      "landingsuitup_1"
    ],
    "category": "player"
  }
}